{"cameraMode":{"drawMode":0,"name":"Shaded","section":"Shading Mode"},"sceneLighting":false,"audioPlay":false,"sceneViewState":{"showFog":true,"showMaterialUpdate":false,"showSkybox":true,"showFlares":true,"showImageEffects":true,"showParticleSystems":true},"in2DMode":false,"pivot":{"x":11.60064697265625,"y":-0.66162109375,"z":-15.359375},"rotation":{"x":-0.017997005954384805,"y":-0.014997008256614209,"z":-0.00026997533859685063,"w":0.9997255206108093},"size":15.87437915802002,"orthographic":true}